AALO,285
AALO,289
AALO,485
AALO,489
ACCT,209
ACCT,210
ACCT,229
ACCT,230
ACCT,315
ACCT,316
ACCT,321
ACCT,322
ACCT,327
ACCT,328
ACCT,329
ACCT,403
ACCT,405
ACCT,407
ACCT,408
ACCT,410
ACCT,421
ACCT,426
ACCT,427
ACCT,430
ACCT,445
ACCT,447
ACCT,450
ACCT,484
ACCT,485
ACCT,489
ACCT,491
AERO,201
AERO,202
AERO,210
AERO,211
AERO,212
AERO,214
AERO,222
AERO,285
AERO,289
AERO,291
AERO,299
AERO,301
AERO,303
AERO,304
AERO,306
AERO,307
AERO,310
AERO,321
AERO,351
AERO,401
AERO,402
AERO,404
AERO,405
AERO,411
AERO,413
AERO,414
AERO,415
AERO,417
AERO,419
AERO,420
AERO,422
AERO,423
AERO,424
AERO,425
AERO,426
AERO,428
AERO,430
AERO,435
AERO,440
AERO,445
AERO,451
AERO,452
AERO,455
AERO,472
AERO,481
AERO,485
AERO,489
AERO,491
AERS,101
AERS,102
AERS,105
AERS,106
AERS,201
AERS,202
AERS,303
AERS,304
AERS,403
AERS,404
AERS,485
AFST,201
AFST,204
AFST,205
AFST,206
AFST,209
AFST,252
AFST,261
AFST,285
AFST,289
AFST,291
AFST,300
AFST,301
AFST,302
AFST,303
AFST,317
AFST,323
AFST,324
AFST,325
AFST,326
AFST,327
AFST,329
AFST,338
AFST,339
AFST,344
AFST,345
AFST,346
AFST,352
AFST,353
AFST,357
AFST,362
AFST,379
AFST,391
AFST,393
AFST,398
AFST,401
AFST,422
AFST,425
AFST,481
AFST,484
AFST,485
AFST,489
AFST,491
AGCJ,105
AGCJ,281
AGCJ,285
AGCJ,289
AGCJ,291
AGCJ,305
AGCJ,306
AGCJ,307
AGCJ,308
AGCJ,312
AGCJ,313
AGCJ,314
AGCJ,366
AGCJ,404
AGCJ,405
AGCJ,406
AGCJ,407
AGCJ,408
AGCJ,409
AGCJ,411
AGCJ,413
AGCJ,466
AGCJ,481
AGCJ,485
AGCJ,489
AGCJ,491
AGCJ,494
AGEC,101
AGEC,105
AGEC,117
AGEC,216
AGEC,217
AGEC,223
AGEC,285
AGEC,289
AGEC,291
AGEC,314
AGEC,315
AGEC,316
AGEC,317
AGEC,324
AGEC,325
AGEC,330
AGEC,340
AGEC,344
AGEC,350
AGEC,402
AGEC,408
AGEC,413
AGEC,414
AGEC,415
AGEC,416
AGEC,420
AGEC,422
AGEC,423
AGEC,424
AGEC,425
AGEC,429
AGEC,430
AGEC,431
AGEC,432
AGEC,434
AGEC,440
AGEC,447
AGEC,448
AGEC,452
AGEC,453
AGEC,460
AGEC,481
AGEC,484
AGEC,485
AGEC,489
AGEC,491
AGEC,495
AGLS,101
AGLS,105
AGLS,125
AGLS,225
AGLS,235
AGLS,289
AGLS,292
AGLS,301
AGLS,335
AGLS,392
AGLS,435
AGLS,436
AGLS,437
AGLS,438
AGLS,439
AGLS,441
AGLS,489
AGLS,492
AGSC,285
AGSC,289
AGSC,291
AGSC,302
AGSC,305
AGSC,373
AGSC,380
AGSC,383
AGSC,402
AGSC,405
AGSC,425
AGSC,436
AGSC,481
AGSC,484
AGSC,485
AGSC,489
AGSC,491
AGSM,105
AGSM,125
AGSM,201
AGSM,284
AGSM,285
AGSM,289
AGSM,291
AGSM,301
AGSM,310
AGSM,315
AGSM,325
AGSM,335
AGSM,337
AGSM,360
AGSM,403
AGSM,417
AGSM,435
AGSM,439
AGSM,440
AGSM,470
AGSM,473
AGSM,477
AGSM,481
AGSM,484
AGSM,485
AGSM,489
AGSM,491
ALEC,201
ALEC,285
ALEC,289
ALEC,291
ALEC,350
ALEC,380
ALEC,399
ALEC,412
ALEC,425
ALEC,450
ALEC,460
ALEC,485
ALEC,489
ALEC,491
ALEC,494
ALED,125
ALED,202
ALED,225
ALED,285
ALED,289
ALED,291
ALED,301
ALED,313
ALED,322
ALED,323
ALED,324
ALED,339
ALED,340
ALED,341
ALED,344
ALED,380
ALED,400
ALED,401
ALED,422
ALED,424
ALED,426
ALED,440
ALED,441
ALED,481
ALED,485
ALED,489
ALED,491
ALED,494
ANSC,101
ANSC,107
ANSC,108
ANSC,111
ANSC,113
ANSC,117
ANSC,201
ANSC,207
ANSC,210
ANSC,211
ANSC,215
ANSC,221
ANSC,230
ANSC,242
ANSC,289
ANSC,291
ANSC,302
ANSC,303
ANSC,305
ANSC,307
ANSC,309
ANSC,311
ANSC,312
ANSC,314
ANSC,315
ANSC,316
ANSC,317
ANSC,318
ANSC,320
ANSC,325
ANSC,326
ANSC,327
ANSC,333
ANSC,337
ANSC,351
ANSC,399
ANSC,402
ANSC,404
ANSC,406
ANSC,408
ANSC,411
ANSC,412
ANSC,414
ANSC,415
ANSC,418
ANSC,419
ANSC,420
ANSC,423
ANSC,429
ANSC,434
ANSC,436
ANSC,437
ANSC,439
ANSC,447
ANSC,457
ANSC,467
ANSC,470
ANSC,481
ANSC,484
ANSC,485
ANSC,487
ANSC,489
ANSC,491
ANSC,494
ANSC,495
ANSC,498
ANTH,201
ANTH,202
ANTH,204
ANTH,205
ANTH,210
ANTH,222
ANTH,225
ANTH,226
ANTH,229
ANTH,285
ANTH,289
ANTH,291
ANTH,300
ANTH,301
ANTH,302
ANTH,304
ANTH,305
ANTH,308
ANTH,312
ANTH,313
ANTH,316
ANTH,317
ANTH,318
ANTH,323
ANTH,324
ANTH,330
ANTH,335
ANTH,340
ANTH,350
ANTH,351
ANTH,353
ANTH,354
ANTH,360
ANTH,370
ANTH,401
ANTH,402
ANTH,403
ANTH,404
ANTH,405
ANTH,409
ANTH,410
ANTH,412
ANTH,415
ANTH,417
ANTH,418
ANTH,419
ANTH,421
ANTH,423
ANTH,424
ANTH,425
ANTH,426
ANTH,427
ANTH,430
ANTH,434
ANTH,435
ANTH,436
ANTH,437
ANTH,440
ANTH,444
ANTH,445
ANTH,446
ANTH,447
ANTH,448
ANTH,458
ANTH,461
ANTH,484
ANTH,485
ANTH,489
ANTH,491
ARAB,101
ARAB,102
ARAB,104
ARAB,201
ARAB,202
ARAB,204
ARAB,221
ARAB,222
ARAB,285
ARAB,289
ARAB,301
ARAB,302
ARAB,321
ARAB,322
ARAB,323
ARAB,475
ARAB,485
ARAB,489
ARAB,491
ARCH,205
ARCH,206
ARCH,212
ARCH,213
ARCH,216
ARCH,221
ARCH,246
ARCH,249
ARCH,250
ARCH,260
ARCH,281
ARCH,291
ARCH,305
ARCH,317
ARCH,327
ARCH,328
ARCH,330
ARCH,331
ARCH,335
ARCH,345
ARCH,346
ARCH,347
ARCH,350
ARCH,353
ARCH,360
ARCH,381
ARCH,405
ARCH,406
ARCH,413
ARCH,421
ARCH,430
ARCH,431
ARCH,433
ARCH,434
ARCH,435
ARCH,437
ARCH,438
ARCH,441
ARCH,443
ARCH,444
ARCH,451
ARCH,452
ARCH,457
ARCH,458
ARCH,463
ARCH,468
ARCH,481
ARCH,484
ARCH,485
ARCH,489
ARCH,491
ARCH,494
AREN,175
AREN,200
AREN,300
AREN,320
AREN,330
AREN,399
AREN,401
AREN,402
AREN,440
AREN,485
ARTS,101
ARTS,102
ARTS,103
ARTS,104
ARTS,111
ARTS,115
ARTS,149
ARTS,150
ARTS,210
ARTS,212
ARTS,234
ARTS,289
ARTS,303
ARTS,304
ARTS,305
ARTS,308
ARTS,311
ARTS,312
ARTS,315
ARTS,325
ARTS,328
ARTS,329
ARTS,330
ARTS,333
ARTS,335
ARTS,339
ARTS,340
ARTS,341
ARTS,342
ARTS,343
ARTS,345
ARTS,349
ARTS,350
ARTS,353
ARTS,403
ARTS,445
ARTS,485
ARTS,489
ASCC,1
ASCC,101
ASCC,102
ASCC,2
ASCC,289
ASCC,3
ASCC,4
ASCC,5
ASIA,285
ASIA,289
ASIA,349
ASIA,350
ASIA,352
ASIA,356
ASIA,401
ASIA,463
ASIA,485
ASIA,489
ASIA,491
ASTR,101
ASTR,102
ASTR,103
ASTR,104
ASTR,109
ASTR,111
ASTR,119
ASTR,285
ASTR,289
ASTR,291
ASTR,314
ASTR,320
ASTR,401
ASTR,403
ASTR,420
ASTR,485
ASTR,489
ASTR,491
ATMO,201
ATMO,202
ATMO,203
ATMO,251
ATMO,285
ATMO,289
ATMO,291
ATMO,321
ATMO,324
ATMO,326
ATMO,335
ATMO,336
ATMO,352
ATMO,363
ATMO,370
ATMO,435
ATMO,441
ATMO,443
ATMO,446
ATMO,455
ATMO,456
ATMO,459
ATMO,461
ATMO,463
ATMO,464
ATMO,484
ATMO,485
ATMO,489
ATMO,491
ATTR,201
ATTR,202
ATTR,301
ATTR,302
BAEN,201
BAEN,281
BAEN,284
BAEN,285
BAEN,289
BAEN,291
BAEN,301
BAEN,302
BAEN,320
BAEN,340
BAEN,354
BAEN,365
BAEN,366
BAEN,370
BAEN,375
BAEN,399
BAEN,412
BAEN,414
BAEN,417
BAEN,422
BAEN,427
BAEN,431
BAEN,460
BAEN,464
BAEN,465
BAEN,468
BAEN,469
BAEN,471
BAEN,477
BAEN,479
BAEN,480
BAEN,481
BAEN,484
BAEN,485
BAEN,489
BAEN,491
BEFB,425
BEFB,426
BEFB,470
BEFB,472
BEFB,474
BEFB,476
BEFB,482
BESC,201
BESC,204
BESC,285
BESC,291
BESC,311
BESC,314
BESC,320
BESC,357
BESC,367
BESC,401
BESC,402
BESC,403
BESC,411
BESC,431
BESC,481
BESC,484
BESC,485
BESC,489
BESC,491
BICH,101
BICH,285
BICH,303
BICH,403
BICH,404
BICH,406
BICH,409
BICH,410
BICH,411
BICH,412
BICH,414
BICH,419
BICH,431
BICH,432
BICH,440
BICH,441
BICH,450
BICH,456
BICH,460
BICH,461
BICH,464
BICH,485
BICH,489
BICH,491
BIMS,101
BIMS,110
BIMS,120
BIMS,125
BIMS,201
BIMS,289
BIMS,291
BIMS,301
BIMS,320
BIMS,380
BIMS,392
BIMS,405
BIMS,421
BIMS,481
BIMS,484
BIMS,485
BIMS,489
BIMS,491
BIOL,100
BIOL,101
BIOL,102
BIOL,107
BIOL,111
BIOL,112
BIOL,113
BIOL,206
BIOL,213
BIOL,214
BIOL,285
BIOL,289
BIOL,291
BIOL,302
BIOL,318
BIOL,319
BIOL,320
BIOL,335
BIOL,344
BIOL,350
BIOL,351
BIOL,352
BIOL,357
BIOL,358
BIOL,388
BIOL,401
BIOL,402
BIOL,405
BIOL,406
BIOL,413
BIOL,414
BIOL,423
BIOL,430
BIOL,434
BIOL,435
BIOL,437
BIOL,438
BIOL,440
BIOL,444
BIOL,445
BIOL,450
BIOL,451
BIOL,454
BIOL,455
BIOL,456
BIOL,461
BIOL,462
BIOL,466
BIOL,467
BIOL,480
BIOL,481
BIOL,484
BIOL,485
BIOL,487
BIOL,489
BIOL,491
BIOL,492
BIOL,495
BIOL,496
BMEN,153
BMEN,207
BMEN,211
BMEN,253
BMEN,285
BMEN,289
BMEN,291
BMEN,305
BMEN,321
BMEN,322
BMEN,341
BMEN,343
BMEN,344
BMEN,345
BMEN,350
BMEN,353
BMEN,361
BMEN,399
BMEN,400
BMEN,401
BMEN,402
BMEN,404
BMEN,406
BMEN,420
BMEN,422
BMEN,425
BMEN,427
BMEN,428
BMEN,431
BMEN,432
BMEN,433
BMEN,448
BMEN,450
BMEN,452
BMEN,453
BMEN,454
BMEN,457
BMEN,458
BMEN,461
BMEN,463
BMEN,465
BMEN,468
BMEN,469
BMEN,471
BMEN,480
BMEN,482
BMEN,483
BMEN,484
BMEN,485
BMEN,486
BMEN,487
BMEN,489
BMEN,491
BOTN,289
BOTN,291
BOTN,485
BOTN,491
BUSN,101
BUSN,125
BUSN,203
BUSN,225
BUSN,232
BUSN,285
BUSN,289
BUSN,299
BUSN,302
BUSN,392
BUSN,401
BUSN,403
BUSN,432
BUSN,481
BUSN,484
BUSN,485
BUSN,489
BUSN,491
CARC,101
CARC,181
CARC,291
CARC,300
CARC,301
CARC,311
CARC,321
CARC,331
CARC,411
CARC,412
CARC,481
CARC,484
CARC,485
CARC,489
CARC,491
CEHD,100
CEHD,101
CEHD,289
CEHD,291
CEHD,300
CEHD,491
CHEM,100
CHEM,106
CHEM,107
CHEM,116
CHEM,117
CHEM,119
CHEM,120
CHEM,220
CHEM,222
CHEM,227
CHEM,228
CHEM,231
CHEM,234
CHEM,237
CHEM,238
CHEM,242
CHEM,285
CHEM,289
CHEM,291
CHEM,310
CHEM,311
CHEM,315
CHEM,316
CHEM,318
CHEM,322
CHEM,325
CHEM,326
CHEM,327
CHEM,328
CHEM,362
CHEM,383
CHEM,415
CHEM,433
CHEM,434
CHEM,446
CHEM,456
CHEM,462
CHEM,464
CHEM,466
CHEM,468
CHEM,470
CHEM,481
CHEM,483
CHEM,484
CHEM,485
CHEM,489
CHEM,491
CHEN,204
CHEN,205
CHEN,285
CHEN,289
CHEN,301
CHEN,304
CHEN,320
CHEN,322
CHEN,323
CHEN,324
CHEN,354
CHEN,364
CHEN,399
CHEN,409
CHEN,410
CHEN,422
CHEN,425
CHEN,426
CHEN,430
CHEN,431
CHEN,432
CHEN,433
CHEN,440
CHEN,450
CHEN,451
CHEN,455
CHEN,456
CHEN,457
CHEN,458
CHEN,459
CHEN,460
CHEN,461
CHEN,463
CHEN,469
CHEN,471
CHEN,475
CHEN,476
CHEN,481
CHEN,482
CHEN,485
CHEN,489
CHEN,491
CHIN,101
CHIN,102
CHIN,201
CHIN,202
CHIN,285
CHIN,289
CHIN,301
CHIN,302
CHIN,405
CHIN,465
CHIN,485
CHIN,489
CHIN,491
CLAS,101
CLAS,102
CLAS,121
CLAS,122
CLAS,211
CLAS,220
CLAS,221
CLAS,222
CLAS,236
CLAS,250
CLAS,251
CLAS,261
CLAS,262
CLAS,285
CLAS,289
CLAS,291
CLAS,311
CLAS,312
CLAS,313
CLAS,320
CLAS,321
CLAS,322
CLAS,330
CLAS,352
CLAS,353
CLAS,354
CLAS,371
CLAS,372
CLAS,410
CLAS,415
CLAS,417
CLAS,418
CLAS,426
CLAS,427
CLAS,428
CLAS,429
CLAS,444
CLAS,485
CLAS,489
CLAS,491
CLEN,1
CLEN,101
CLEN,181
CLEN,201
CLEN,261
CLEN,289
CLEN,301
CLEN,302
CLEN,303
CLEN,304
COMM,101
COMM,107
COMM,203
COMM,205
COMM,210
COMM,215
COMM,230
COMM,240
COMM,243
COMM,245
COMM,250
COMM,257
COMM,260
COMM,275
COMM,280
COMM,285
COMM,289
COMM,291
COMM,301
COMM,302
COMM,303
COMM,304
COMM,305
COMM,307
COMM,308
COMM,309
COMM,310
COMM,315
COMM,316
COMM,317
COMM,320
COMM,321
COMM,322
COMM,323
COMM,324
COMM,325
COMM,326
COMM,327
COMM,330
COMM,335
COMM,338
COMM,340
COMM,342
COMM,343
COMM,345
COMM,346
COMM,350
COMM,354
COMM,360
COMM,365
COMM,370
COMM,375
COMM,377
COMM,403
COMM,407
COMM,410
COMM,411
COMM,415
COMM,420
COMM,425
COMM,428
COMM,431
COMM,434
COMM,435
COMM,437
COMM,438
COMM,440
COMM,443
COMM,446
COMM,447
COMM,450
COMM,452
COMM,453
COMM,458
COMM,460
COMM,470
COMM,471
COMM,476
COMM,480
COMM,482
COMM,483
COMM,484
COMM,485
COMM,487
COMM,488
COMM,489
COMM,491
COMM,497
COSC,153
COSC,175
COSC,184
COSC,202
COSC,222
COSC,253
COSC,254
COSC,275
COSC,284
COSC,285
COSC,291
COSC,301
COSC,303
COSC,310
COSC,321
COSC,322
COSC,325
COSC,326
COSC,333
COSC,353
COSC,375
COSC,381
COSC,410
COSC,411
COSC,421
COSC,440
COSC,441
COSC,442
COSC,443
COSC,446
COSC,450
COSC,459
COSC,461
COSC,463
COSC,464
COSC,465
COSC,468
COSC,473
COSC,474
COSC,475
COSC,477
COSC,481
COSC,484
COSC,485
COSC,489
COSC,491
COSC,494
CSCE,110
CSCE,111
CSCE,120
CSCE,121
CSCE,181
CSCE,201
CSCE,206
CSCE,221
CSCE,222
CSCE,285
CSCE,289
CSCE,291
CSCE,305
CSCE,310
CSCE,312
CSCE,313
CSCE,314
CSCE,315
CSCE,320
CSCE,331
CSCE,350
CSCE,399
CSCE,402
CSCE,410
CSCE,411
CSCE,412
CSCE,413
CSCE,416
CSCE,420
CSCE,421
CSCE,426
CSCE,429
CSCE,430
CSCE,431
CSCE,433
CSCE,434
CSCE,435
CSCE,436
CSCE,438
CSCE,440
CSCE,441
CSCE,442
CSCE,443
CSCE,444
CSCE,445
CSCE,446
CSCE,447
CSCE,449
CSCE,451
CSCE,452
CSCE,456
CSCE,461
CSCE,462
CSCE,463
CSCE,464
CSCE,465
CSCE,469
CSCE,470
CSCE,477
CSCE,481
CSCE,482
CSCE,483
CSCE,485
CSCE,489
CSCE,491
CVEN,207
CVEN,221
CVEN,250
CVEN,289
CVEN,301
CVEN,302
CVEN,303
CVEN,304
CVEN,305
CVEN,306
CVEN,307
CVEN,311
CVEN,314
CVEN,315
CVEN,322
CVEN,336
CVEN,339
CVEN,342
CVEN,343
CVEN,345
CVEN,349
CVEN,363
CVEN,365
CVEN,399
CVEN,400
CVEN,402
CVEN,403
CVEN,405
CVEN,406
CVEN,413
CVEN,417
CVEN,418
CVEN,423
CVEN,424
CVEN,435
CVEN,436
CVEN,444
CVEN,445
CVEN,446
CVEN,449
CVEN,450
CVEN,451
CVEN,454
CVEN,455
CVEN,456
CVEN,457
CVEN,458
CVEN,462
CVEN,463
CVEN,464
CVEN,465
CVEN,473
CVEN,483
CVEN,485
CVEN,489
CVEN,491
CYBR,201
CYBR,285
CYBR,289
CYBR,291
CYBR,403
CYBR,466
CYBR,484
CYBR,485
CYBR,489
CYBR,491
DASC,418
DASC,485
DCED,168
DCED,202
DCED,203
DCED,222
DCED,260
DCED,271
DCED,301
DCED,303
DCED,304
DCED,306
DCED,308
DCED,361
DCED,372
DCED,400
DCED,401
DCED,402
DCED,405
DCED,462
DCED,473
DDHS,3020
DDHS,3110
DDHS,3120
DDHS,3160
DDHS,3220
DDHS,3250
DDHS,3310
DDHS,3325
DDHS,3340
DDHS,3410
DDHS,3425
DDHS,3530
DDHS,3830
DDHS,4010
DDHS,4015
DDHS,4025
DDHS,4110
DDHS,4140
DDHS,4210
DDHS,4220
DDHS,4240
DDHS,4310
DDHS,4320
DDHS,4410
DDHS,4510
DDHS,4530
DDHS,4610
DDHS,4620
DDHS,4710
DDHS,4715
DDHS,4810
DDHS,4820
DIVE,250
DIVE,251
DIVE,260
DIVE,330
DIVE,331
DIVE,357
DIVE,410
DIVE,489
ECEN,210
ECEN,214
ECEN,215
ECEN,222
ECEN,248
ECEN,285
ECEN,289
ECEN,291
ECEN,303
ECEN,314
ECEN,322
ECEN,325
ECEN,326
ECEN,333
ECEN,338
ECEN,340
ECEN,350
ECEN,360
ECEN,370
ECEN,399
ECEN,403
ECEN,404
ECEN,410
ECEN,411
ECEN,412
ECEN,414
ECEN,415
ECEN,416
ECEN,419
ECEN,420
ECEN,421
ECEN,422
ECEN,423
ECEN,424
ECEN,425
ECEN,426
ECEN,429
ECEN,434
ECEN,438
ECEN,440
ECEN,441
ECEN,442
ECEN,444
ECEN,445
ECEN,446
ECEN,447
ECEN,448
ECEN,449
ECEN,451
ECEN,452
ECEN,453
ECEN,454
ECEN,455
ECEN,457
ECEN,458
ECEN,459
ECEN,460
ECEN,461
ECEN,462
ECEN,463
ECEN,464
ECEN,465
ECEN,466
ECEN,467
ECEN,468
ECEN,469
ECEN,470
ECEN,471
ECEN,472
ECEN,473
ECEN,474
ECEN,475
ECEN,477
ECEN,478
ECEN,479
ECEN,480
ECEN,484
ECEN,485
ECEN,489
ECEN,491
ECHE,291
ECHE,491
ECMT,461
ECMT,463
ECMT,475
ECON,202
ECON,203
ECON,285
ECON,289
ECON,291
ECON,311
ECON,312
ECON,315
ECON,318
ECON,320
ECON,323
ECON,328
ECON,330
ECON,410
ECON,412
ECON,414
ECON,416
ECON,418
ECON,420
ECON,425
ECON,426
ECON,433
ECON,436
ECON,440
ECON,441
ECON,445
ECON,449
ECON,452
ECON,459
ECON,460
ECON,465
ECON,470
ECON,484
ECON,485
ECON,489
ECON,491
EDCI,285
EDCI,289
EDCI,291
EDCI,353
EDCI,354
EDCI,358
EDCI,364
EDCI,365
EDCI,485
EDCI,489
EDCI,491
EHRD,101
EHRD,203
EHRD,210
EHRD,285
EHRD,289
EHRD,291
EHRD,315
EHRD,371
EHRD,372
EHRD,374
EHRD,391
EHRD,405
EHRD,408
EHRD,413
EHRD,477
EHRD,481
EHRD,484
EHRD,485
EHRD,489
EHRD,490
EHRD,491
ENDG,485
ENDG,489
ENDS,101
ENDS,105
ENDS,106
ENDS,108
ENDS,115
ENDS,116
ENDS,485
ENDS,489
ENDS,491
ENGL,103
ENGL,104
ENGL,107
ENGL,202
ENGL,203
ENGL,204
ENGL,205
ENGL,206
ENGL,207
ENGL,209
ENGL,210
ENGL,211
ENGL,212
ENGL,219
ENGL,220
ENGL,221
ENGL,222
ENGL,227
ENGL,228
ENGL,231
ENGL,232
ENGL,235
ENGL,241
ENGL,251
ENGL,253
ENGL,262
ENGL,285
ENGL,289
ENGL,291
ENGL,292
ENGL,303
ENGL,304
ENGL,305
ENGL,306
ENGL,308
ENGL,309
ENGL,310
ENGL,313
ENGL,314
ENGL,315
ENGL,316
ENGL,317
ENGL,318
ENGL,320
ENGL,321
ENGL,322
ENGL,323
ENGL,324
ENGL,329
ENGL,330
ENGL,331
ENGL,333
ENGL,334
ENGL,335
ENGL,336
ENGL,337
ENGL,338
ENGL,339
ENGL,340
ENGL,342
ENGL,343
ENGL,345
ENGL,347
ENGL,348
ENGL,350
ENGL,351
ENGL,352
ENGL,353
ENGL,354
ENGL,355
ENGL,356
ENGL,357
ENGL,358
ENGL,359
ENGL,360
ENGL,361
ENGL,362
ENGL,365
ENGL,372
ENGL,373
ENGL,374
ENGL,375
ENGL,376
ENGL,377
ENGL,378
ENGL,379
ENGL,385
ENGL,386
ENGL,390
ENGL,391
ENGL,392
ENGL,393
ENGL,394
ENGL,395
ENGL,396
ENGL,401
ENGL,403
ENGL,412
ENGL,414
ENGL,415
ENGL,431
ENGL,433
ENGL,435
ENGL,460
ENGL,461
ENGL,462
ENGL,474
ENGL,481
ENGL,482
ENGL,484
ENGL,485
ENGL,489
ENGL,491
ENGL,497
ENGR,101
ENGR,102
ENGR,111
ENGR,112
ENGR,181
ENGR,216
ENGR,217
ENGR,251
ENGR,260
ENGR,262
ENGR,270
ENGR,281
ENGR,285
ENGR,289
ENGR,291
ENGR,301
ENGR,302
ENGR,311
ENGR,312
ENGR,350
ENGR,351
ENGR,381
ENGR,385
ENGR,399
ENGR,401
ENGR,402
ENGR,410
ENGR,421
ENGR,450
ENGR,451
ENGR,461
ENGR,462
ENGR,470
ENGR,482
ENGR,484
ENGR,485
ENGR,489
ENGR,491
ENGR,499
ENST,291
ENST,491
ENTC,289
ENTC,399
ENTC,481
ENTC,484
ENTC,485
ENTC,489
ENTC,491
ENTO,101
ENTO,102
ENTO,201
ENTO,208
ENTO,209
ENTO,210
ENTO,285
ENTO,289
ENTO,291
ENTO,300
ENTO,301
ENTO,305
ENTO,306
ENTO,320
ENTO,321
ENTO,322
ENTO,401
ENTO,402
ENTO,403
ENTO,423
ENTO,424
ENTO,425
ENTO,426
ENTO,428
ENTO,429
ENTO,431
ENTO,432
ENTO,435
ENTO,441
ENTO,450
ENTO,451
ENTO,455
ENTO,481
ENTO,482
ENTO,484
ENTO,485
ENTO,489
ENTO,491
EPFB,210
EPFB,301
EPFB,401
EPSY,284
EPSY,289
EPSY,291
EPSY,320
EPSY,321
EPSY,430
EPSY,431
EPSY,432
EPSY,433
EPSY,435
EPSY,459
EPSY,484
EPSY,485
EPSY,489
EPSY,491
ESET,210
ESET,211
ESET,219
ESET,269
ESET,300
ESET,315
ESET,319
ESET,329
ESET,333
ESET,349
ESET,350
ESET,352
ESET,355
ESET,359
ESET,366
ESET,369
ESET,400
ESET,415
ESET,419
ESET,420
ESET,435
ESET,444
ESET,452
ESET,453
ESET,455
ESET,456
ESET,462
ESET,469
ESSM,102
ESSM,201
ESSM,203
ESSM,281
ESSM,291
ESSM,300
ESSM,301
ESSM,302
ESSM,303
ESSM,304
ESSM,305
ESSM,306
ESSM,307
ESSM,308
ESSM,309
ESSM,310
ESSM,311
ESSM,313
ESSM,314
ESSM,315
ESSM,316
ESSM,317
ESSM,318
ESSM,319
ESSM,320
ESSM,324
ESSM,351
ESSM,398
ESSM,404
ESSM,405
ESSM,406
ESSM,415
ESSM,416
ESSM,417
ESSM,420
ESSM,430
ESSM,440
ESSM,444
ESSM,446
ESSM,459
ESSM,461
ESSM,462
ESSM,464
ESSM,480
ESSM,481
ESSM,484
ESSM,485
ESSM,489
ESSM,491
EURO,285
EURO,289
EURO,291
EURO,405
EURO,441
EURO,442
EURO,443
EURO,444
EURO,446
EURO,447
EURO,484
EURO,485
EURO,489
EURO,491
EVEN,201
EVEN,301
EVEN,304
EVEN,311
EVEN,320
EVEN,339
EVEN,399
EVEN,400
EVEN,401
EVEN,402
EVEN,404
EVEN,406
EVEN,413
EVEN,458
EVEN,462
EVEN,463
EVEN,466
FILM,215
FILM,251
FILM,285
FILM,289
FILM,291
FILM,299
FILM,324
FILM,343
FILM,345
FILM,349
FILM,351
FILM,356
FILM,358
FILM,376
FILM,394
FILM,398
FILM,401
FILM,402
FILM,405
FILM,406
FILM,415
FILM,417
FILM,425
FILM,435
FILM,445
FILM,455
FILM,465
FILM,469
FILM,481
FILM,484
FILM,485
FILM,489
FILM,491
FINC,201
FINC,210
FINC,211
FINC,267
FINC,268
FINC,285
FINC,341
FINC,342
FINC,345
FINC,346
FINC,350
FINC,351
FINC,361
FINC,368
FINC,371
FINC,381
FINC,409
FINC,422
FINC,423
FINC,424
FINC,425
FINC,426
FINC,427
FINC,428
FINC,435
FINC,436
FINC,440
FINC,441
FINC,443
FINC,445
FINC,446
FINC,447
FINC,448
FINC,449
FINC,462
FINC,463
FINC,464
FINC,465
FINC,466
FINC,468
FINC,472
FINC,475
FINC,484
FINC,485
FINC,489
FIVS,101
FIVS,102
FIVS,123
FIVS,205
FIVS,285
FIVS,289
FIVS,291
FIVS,308
FIVS,316
FIVS,401
FIVS,415
FIVS,421
FIVS,422
FIVS,431
FIVS,432
FIVS,435
FIVS,481
FIVS,482
FIVS,484
FIVS,485
FIVS,489
FIVS,491
FREN,101
FREN,102
FREN,201
FREN,202
FREN,221
FREN,222
FREN,285
FREN,289
FREN,300
FREN,301
FREN,306
FREN,311
FREN,321
FREN,322
FREN,336
FREN,375
FREN,418
FREN,422
FREN,425
FREN,481
FREN,485
FREN,489
FREN,491
FRSC,420
FRSC,421
FSCI,281
FSCI,285
FSCI,289
FSCI,334
FSCI,485
FSCI,489
FSCI,491
FSTC,201
FSTC,204
FSTC,210
FSTC,285
FSTC,289
FSTC,291
FSTC,300
FSTC,305
FSTC,307
FSTC,311
FSTC,312
FSTC,313
FSTC,314
FSTC,315
FSTC,320
FSTC,324
FSTC,326
FSTC,327
FSTC,330
FSTC,331
FSTC,401
FSTC,405
FSTC,406
FSTC,410
FSTC,417
FSTC,420
FSTC,422
FSTC,444
FSTC,446
FSTC,457
FSTC,470
FSTC,481
FSTC,485
FSTC,487
FSTC,489
FSTC,491
FYEX,101
GALV,101
GALV,201
GALV,300
GALV,301
GALV,401
GENE,101
GENE,285
GENE,301
GENE,302
GENE,310
GENE,312
GENE,314
GENE,320
GENE,404
GENE,405
GENE,406
GENE,411
GENE,412
GENE,419
GENE,420
GENE,421
GENE,431
GENE,432
GENE,464
GENE,485
GENE,489
GENE,491
GEOG,201
GEOG,202
GEOG,203
GEOG,205
GEOG,213
GEOG,215
GEOG,232
GEOG,285
GEOG,289
GEOG,291
GEOG,301
GEOG,304
GEOG,305
GEOG,306
GEOG,309
GEOG,311
GEOG,312
GEOG,320
GEOG,323
GEOG,324
GEOG,325
GEOG,327
GEOG,330
GEOG,331
GEOG,335
GEOG,352
GEOG,355
GEOG,360
GEOG,361
GEOG,370
GEOG,380
GEOG,390
GEOG,391
GEOG,392
GEOG,398
GEOG,400
GEOG,401
GEOG,404
GEOG,405
GEOG,406
GEOG,420
GEOG,430
GEOG,434
GEOG,435
GEOG,440
GEOG,442
GEOG,450
GEOG,461
GEOG,462
GEOG,467
GEOG,475
GEOG,476
GEOG,477
GEOG,478
GEOG,479
GEOG,484
GEOG,485
GEOG,489
GEOG,491
GEOL,101
GEOL,102
GEOL,104
GEOL,106
GEOL,150
GEOL,152
GEOL,180
GEOL,203
GEOL,207
GEOL,208
GEOL,210
GEOL,250
GEOL,285
GEOL,289
GEOL,291
GEOL,300
GEOL,301
GEOL,302
GEOL,304
GEOL,305
GEOL,306
GEOL,307
GEOL,309
GEOL,310
GEOL,311
GEOL,312
GEOL,314
GEOL,320
GEOL,330
GEOL,350
GEOL,352
GEOL,360
GEOL,404
GEOL,410
GEOL,412
GEOL,416
GEOL,420
GEOL,440
GEOL,450
GEOL,451
GEOL,478
GEOL,481
GEOL,484
GEOL,485
GEOL,489
GEOL,491
GEOP,170
GEOP,291
GEOP,313
GEOP,341
GEOP,361
GEOP,413
GEOP,421
GEOP,435
GEOP,470
GEOP,475
GEOP,484
GEOP,485
GEOP,489
GEOP,491
GEOS,101
GEOS,105
GEOS,110
GEOS,205
GEOS,210
GEOS,289
GEOS,291
GEOS,301
GEOS,370
GEOS,380
GEOS,401
GEOS,405
GEOS,410
GEOS,430
GEOS,431
GEOS,442
GEOS,443
GEOS,444
GEOS,470
GEOS,471
GEOS,481
GEOS,483
GEOS,484
GEOS,485
GEOS,489
GEOS,491
GERM,101
GERM,102
GERM,104
GERM,201
GERM,202
GERM,204
GERM,221
GERM,222
GERM,285
GERM,289
GERM,310
GERM,311
GERM,315
GERM,316
GERM,321
GERM,322
GERM,331
GERM,332
GERM,333
GERM,334
GERM,336
GERM,362
GERM,410
GERM,411
GERM,435
GERM,437
GERM,440
GERM,441
GERM,485
GERM,489
GERM,491
HBRW,101
HBRW,102
HBRW,285
HBRW,289
HEFB,222
HEFB,324
HEFB,325
HEFB,450
HHUM,107
HHUM,482
HISP,201
HISP,204
HISP,205
HISP,206
HISP,250
HISP,260
HISP,262
HISP,285
HISP,289
HISP,291
HISP,352
HISP,362
HISP,363
HISP,471
HISP,474
HISP,485
HISP,489
HISP,491
HIST,101
HIST,102
HIST,103
HIST,104
HIST,105
HIST,106
HIST,107
HIST,210
HIST,212
HIST,213
HIST,214
HIST,220
HIST,221
HIST,222
HIST,225
HIST,226
HIST,230
HIST,232
HIST,234
HIST,236
HIST,242
HIST,258
HIST,280
HIST,285
HIST,289
HIST,291
HIST,300
HIST,301
HIST,302
HIST,303
HIST,304
HIST,305
HIST,307
HIST,308
HIST,316
HIST,319
HIST,320
HIST,321
HIST,322
HIST,326
HIST,327
HIST,330
HIST,331
HIST,333
HIST,334
HIST,335
HIST,336
HIST,337
HIST,338
HIST,339
HIST,341
HIST,342
HIST,343
HIST,344
HIST,345
HIST,346
HIST,347
HIST,348
HIST,349
HIST,350
HIST,352
HIST,353
HIST,356
HIST,357
HIST,359
HIST,360
HIST,361
HIST,362
HIST,363
HIST,364
HIST,365
HIST,366
HIST,367
HIST,368
HIST,369
HIST,370
HIST,371
HIST,372
HIST,373
HIST,374
HIST,376
HIST,401
HIST,402
HIST,404
HIST,405
HIST,406
HIST,407
HIST,409
HIST,410
HIST,411
HIST,412
HIST,416
HIST,418
HIST,419
HIST,420
HIST,421
HIST,425
HIST,426
HIST,427
HIST,428
HIST,429
HIST,431
HIST,432
HIST,433
HIST,435
HIST,436
HIST,437
HIST,438
HIST,439
HIST,441
HIST,442
HIST,443
HIST,444
HIST,445
HIST,447
HIST,448
HIST,449
HIST,450
HIST,451
HIST,452
HIST,453
HIST,455
HIST,456
HIST,458
HIST,459
HIST,460
HIST,461
HIST,462
HIST,463
HIST,464
HIST,468
HIST,469
HIST,470
HIST,473
HIST,474
HIST,475
HIST,476
HIST,477
HIST,481
HIST,485
HIST,489
HIST,491
HIST,497
HLTH,210
HLTH,214
HLTH,216
HLTH,221
HLTH,222
HLTH,231
HLTH,236
HLTH,240
HLTH,285
HLTH,291
HLTH,331
HLTH,332
HLTH,333
HLTH,334
HLTH,335
HLTH,342
HLTH,353
HLTH,354
HLTH,403
HLTH,405
HLTH,407
HLTH,410
HLTH,415
HLTH,421
HLTH,425
HLTH,429
HLTH,440
HLTH,445
HLTH,481
HLTH,482
HLTH,484
HLTH,485
HLTH,489
HLTH,491
HORT,201
HORT,202
HORT,203
HORT,281
HORT,291
HORT,301
HORT,302
HORT,306
HORT,308
HORT,315
HORT,319
HORT,325
HORT,326
HORT,328
HORT,332
HORT,335
HORT,360
HORT,400
HORT,404
HORT,416
HORT,418
HORT,419
HORT,420
HORT,421
HORT,423
HORT,424
HORT,425
HORT,426
HORT,428
HORT,429
HORT,431
HORT,432
HORT,435
HORT,440
HORT,442
HORT,446
HORT,450
HORT,451
HORT,452
HORT,453
HORT,454
HORT,460
HORT,481
HORT,484
HORT,485
HORT,489
HORT,491
HUMA,304
HUMA,321
HUMA,485
HUMA,489
IBUS,285
IBUS,289
IBUS,301
IBUS,401
IBUS,402
IBUS,403
IBUS,430
IBUS,440
IBUS,445
IBUS,446
IBUS,450
IBUS,452
IBUS,453
IBUS,455
IBUS,456
IBUS,457
IBUS,459
IBUS,484
IBUS,485
IBUS,489
IDIS,240
IDIS,330
IDIS,340
IDIS,343
IDIS,344
IDIS,421
IDIS,424
IDIS,433
IDIS,434
IDIS,444
IDIS,445
IDIS,450
IDIS,454
IDIS,455
IDIS,464
IDIS,481
IDIS,484
IDIS,485
IDIS,489
INST,210
INST,222
INST,291
INST,301
INST,362
INST,363
INST,491
INTS,201
INTS,205
INTS,211
INTS,215
INTS,251
INTS,261
INTS,285
INTS,289
INTS,300
INTS,301
INTS,311
INTS,321
INTS,401
INTS,403
INTS,405
INTS,407
INTS,409
INTS,410
INTS,481
INTS,484
INTS,485
INTS,489
INTS,491
INTS,497
ISEN,101
ISEN,210
ISEN,230
ISEN,281
ISEN,285
ISEN,289
ISEN,291
ISEN,302
ISEN,303
ISEN,310
ISEN,311
ISEN,320
ISEN,330
ISEN,340
ISEN,350
ISEN,355
ISEN,360
ISEN,370
ISEN,399
ISEN,405
ISEN,408
ISEN,410
ISEN,411
ISEN,413
ISEN,414
ISEN,416
ISEN,425
ISEN,427
ISEN,433
ISEN,434
ISEN,440
ISEN,442
ISEN,450
ISEN,453
ISEN,460
ISEN,485
ISEN,489
ISEN,491
ISTM,209
ISTM,210
ISTM,250
ISTM,281
ISTM,310
ISTM,313
ISTM,315
ISTM,320
ISTM,325
ISTM,360
ISTM,380
ISTM,381
ISTM,410
ISTM,415
ISTM,420
ISTM,425
ISTM,440
ISTM,450
ISTM,455
ISTM,481
ISTM,482
ISTM,484
ISTM,485
ISTM,489
ISTM,601
ISTM,610
ISTM,612
ISTM,615
ISTM,620
ISTM,622
ISTM,624
ISTM,630
ISTM,631
ISTM,635
ISTM,637
ISTM,643
ISTM,645
ISTM,650
ISTM,652
ISTM,655
ISTM,660
ISTM,670
ISTM,680
ISTM,681
ISTM,682
ISTM,684
ISTM,685
ISTM,689
ISTM,705
ITAL,101
ITAL,102
ITAL,201
ITAL,202
ITAL,251
ITAL,285
ITAL,289
ITAL,303
ITAL,321
ITAL,322
ITAL,452
ITAL,453
ITAL,455
ITAL,456
ITAL,485
ITAL,489
ITAL,491
ITDE,201
ITDE,285
ITDE,289
ITDE,291
ITDE,301
ITDE,399
ITDE,401
ITDE,402
ITDE,485
ITDE,489
ITDE,491
ITDE,499
JAPN,101
JAPN,102
JAPN,201
JAPN,202
JAPN,285
JAPN,289
JAPN,291
JAPN,301
JAPN,302
JAPN,325
JAPN,401
JAPN,402
JAPN,485
JAPN,489
JAPN,491
JOUR,102
JOUR,200
JOUR,203
JOUR,215
JOUR,230
JOUR,250
JOUR,285
JOUR,289
JOUR,291
JOUR,301
JOUR,303
JOUR,304
JOUR,317
JOUR,341
JOUR,359
JOUR,365
JOUR,450
JOUR,451
JOUR,455
JOUR,458
JOUR,468
JOUR,484
JOUR,485
JOUR,489
JOUR,490
JOUR,491
KINE,120
KINE,121
KINE,167
KINE,175
KINE,198
KINE,199
KINE,201
KINE,210
KINE,213
KINE,214
KINE,215
KINE,223
KINE,240
KINE,260
KINE,271
KINE,282
KINE,285
KINE,289
KINE,291
KINE,302
KINE,305
KINE,306
KINE,307
KINE,308
KINE,311
KINE,312
KINE,314
KINE,317
KINE,318
KINE,320
KINE,321
KINE,324
KINE,325
KINE,334
KINE,335
KINE,340
KINE,351
KINE,355
KINE,361
KINE,372
KINE,386
KINE,403
KINE,404
KINE,406
KINE,407
KINE,425
KINE,426
KINE,427
KINE,429
KINE,431
KINE,433
KINE,435
KINE,439
KINE,462
KINE,473
KINE,482
KINE,483
KINE,484
KINE,485
KINE,489
KINE,491
KNFB,222
KNFB,315
KNFB,324
KNFB,325
KNFB,416
KNFB,450
LAND,101
LAND,111
LAND,112
LAND,210
LAND,211
LAND,212
LAND,231
LAND,232
LAND,240
LAND,241
LAND,291
LAND,301
LAND,311
LAND,312
LAND,331
LAND,412
LAND,431
LAND,484
LAND,485
LAND,489
LAND,491
LAND,494
LBAR,181
LBAR,200
LBAR,203
LBAR,204
LBAR,285
LBAR,289
LBAR,291
LBAR,300
LBAR,330
LBAR,331
LBAR,332
LBAR,392
LBAR,400
LBAR,484
LBAR,485
LBAR,489
LBAR,491
LDEV,485
LDEV,489
LING,209
LING,291
LING,307
LING,310
LING,403
LING,481
LING,485
LING,489
LING,491
LMAS,201
LMAS,285
LMAS,289
LMAS,291
LMAS,422
LMAS,468
LMAS,484
LMAS,485
LMAS,489
LMAS,491
MARA,201
MARA,205
MARA,212
MARA,250
MARA,281
MARA,285
MARA,289
MARA,301
MARA,304
MARA,342
MARA,345
MARA,346
MARA,350
MARA,363
MARA,373
MARA,401
MARA,402
MARA,403
MARA,416
MARA,421
MARA,424
MARA,435
MARA,440
MARA,450
MARA,466
MARA,470
MARA,475
MARA,484
MARA,485
MARA,489
MARA,491
MARA,493
MARB,101
MARB,215
MARB,285
MARB,289
MARB,301
MARB,302
MARB,303
MARB,310
MARB,311
MARB,315
MARB,320
MARB,335
MARB,360
MARB,400
MARB,401
MARB,403
MARB,405
MARB,407
MARB,408
MARB,409
MARB,410
MARB,411
MARB,414
MARB,415
MARB,416
MARB,420
MARB,423
MARB,425
MARB,426
MARB,430
MARB,433
MARB,435
MARB,437
MARB,438
MARB,445
MARB,460
MARB,466
MARB,482
MARB,484
MARB,485
MARB,489
MARB,491
MARE,100
MARE,111
MARE,112
MARE,200
MARE,202
MARE,205
MARE,206
MARE,207
MARE,209
MARE,210
MARE,211
MARE,217
MARE,242
MARE,243
MARE,261
MARE,285
MARE,289
MARE,300
MARE,305
MARE,306
MARE,307
MARE,309
MARE,312
MARE,313
MARE,315
MARE,317
MARE,318
MARE,350
MARE,399
MARE,400
MARE,401
MARE,402
MARE,405
MARE,424
MARE,434
MARE,437
MARE,441
MARE,442
MARE,443
MARE,451
MARE,452
MARE,459
MARE,481
MARE,484
MARE,485
MARE,489
MARE,491
MARR,101
MARR,102
MARR,200
MARR,300
MARR,400
MARR,451
MARR,452
MARR,481
MARS,102
MARS,210
MARS,252
MARS,280
MARS,281
MARS,285
MARS,289
MARS,303
MARS,305
MARS,306
MARS,310
MARS,325
MARS,330
MARS,340
MARS,350
MARS,360
MARS,361
MARS,365
MARS,370
MARS,408
MARS,410
MARS,412
MARS,415
MARS,420
MARS,423
MARS,425
MARS,426
MARS,428
MARS,430
MARS,431
MARS,432
MARS,435
MARS,440
MARS,450
MARS,456
MARS,460
MARS,461
MARS,470
MARS,481
MARS,484
MARS,485
MARS,488
MARS,489
MARS,491
MART,103
MART,115
MART,200
MART,201
MART,202
MART,204
MART,205
MART,208
MART,210
MART,212
MART,213
MART,215
MART,265
MART,285
MART,289
MART,300
MART,303
MART,305
MART,307
MART,308
MART,310
MART,311
MART,313
MART,315
MART,321
MART,350
MART,400
MART,401
MART,403
MART,404
MART,410
MART,484
MART,485
MART,489
MART,491
MART,498
MASC,320
MASC,351
MASC,420
MASC,450
MASE,400
MASE,401
MASE,407
MASE,410
MASE,485
MASE,489
MASE,491
MAST,101
MAST,220
MAST,226
MAST,230
MAST,240
MAST,252
MAST,265
MAST,270
MAST,289
MAST,321
MAST,333
MAST,336
MAST,340
MAST,345
MAST,350
MAST,354
MAST,365
MAST,369
MAST,371
MAST,411
MAST,425
MAST,441
MAST,470
MAST,480
MAST,481
MAST,484
MAST,485
MAST,489
MAST,491
MATH,102
MATH,140
MATH,142
MATH,147
MATH,148
MATH,150
MATH,151
MATH,152
MATH,161
MATH,167
MATH,168
MATH,170
MATH,171
MATH,172
MATH,200
MATH,221
MATH,225
MATH,251
MATH,253
MATH,281
MATH,285
MATH,289
MATH,291
MATH,300
MATH,302
MATH,304
MATH,307
MATH,308
MATH,309
MATH,311
MATH,323
MATH,325
MATH,365
MATH,366
MATH,367
MATH,375
MATH,376
MATH,396
MATH,401
MATH,403
MATH,407
MATH,409
MATH,410
MATH,411
MATH,412
MATH,414
MATH,415
MATH,416
MATH,417
MATH,419
MATH,420
MATH,423
MATH,424
MATH,425
MATH,427
MATH,431
MATH,433
MATH,436
MATH,437
MATH,439
MATH,442
MATH,446
MATH,447
MATH,460
MATH,467
MATH,469
MATH,470
MATH,471
MATH,472
MATH,478
MATH,482
MATH,485
MATH,489
MATH,490
MATH,491
MEEN,201
MEEN,210
MEEN,221
MEEN,222
MEEN,223
MEEN,225
MEEN,260
MEEN,285
MEEN,289
MEEN,291
MEEN,305
MEEN,315
MEEN,344
MEEN,345
MEEN,357
MEEN,360
MEEN,361
MEEN,363
MEEN,364
MEEN,365
MEEN,368
MEEN,381
MEEN,399
MEEN,401
MEEN,402
MEEN,404
MEEN,406
MEEN,408
MEEN,410
MEEN,411
MEEN,414
MEEN,417
MEEN,421
MEEN,423
MEEN,431
MEEN,432
MEEN,433
MEEN,434
MEEN,436
MEEN,437
MEEN,439
MEEN,440
MEEN,441
MEEN,442
MEEN,444
MEEN,445
MEEN,451
MEEN,453
MEEN,454
MEEN,455
MEEN,458
MEEN,459
MEEN,460
MEEN,461
MEEN,463
MEEN,464
MEEN,467
MEEN,469
MEEN,471
MEEN,472
MEEN,475
MEEN,477
MEEN,480
MEEN,485
MEEN,489
MEEN,490
MEEN,491
MEFB,351
MEFB,450
MEFB,452
MEFB,460
MEFB,470
MEFB,497
MEPS,291
MEPS,313
MEPS,411
MEPS,485
MEPS,489
MEPS,491
METR,302
MGMT,209
MGMT,261
MGMT,289
MGMT,309
MGMT,311
MGMT,312
MGMT,363
MGMT,372
MGMT,373
MGMT,376
MGMT,422
MGMT,424
MGMT,425
MGMT,427
MGMT,430
MGMT,432
MGMT,435
MGMT,439
MGMT,440
MGMT,450
MGMT,452
MGMT,453
MGMT,457
MGMT,460
MGMT,461
MGMT,464
MGMT,465
MGMT,466
MGMT,470
MGMT,475
MGMT,476
MGMT,477
MGMT,478
MGMT,479
MGMT,481
MGMT,484
MGMT,485
MGMT,489
MICR,289
MICR,291
MICR,489
MICR,491
MKTG,298
MKTG,299
MKTG,321
MKTG,322
MKTG,323
MKTG,325
MKTG,326
MKTG,335
MKTG,336
MKTG,345
MKTG,347
MKTG,401
MKTG,402
MKTG,403
MKTG,404
MKTG,409
MKTG,425
MKTG,426
MKTG,427
MKTG,430
MKTG,431
MKTG,432
MKTG,435
MKTG,436
MKTG,437
MKTG,438
MKTG,440
MKTG,441
MKTG,442
MKTG,443
MKTG,444
MKTG,445
MKTG,447
MKTG,448
MKTG,484
MKTG,485
MKTG,489
MLSC,121
MLSC,122
MLSC,221
MLSC,222
MLSC,321
MLSC,322
MLSC,421
MLSC,422
MLSC,485
MLSC,489
MLSC,491
MMET,105
MMET,181
MMET,201
MMET,206
MMET,207
MMET,275
MMET,281
MMET,301
MMET,303
MMET,307
MMET,313
MMET,320
MMET,361
MMET,363
MMET,370
MMET,376
MMET,380
MMET,383
MMET,401
MMET,402
MMET,405
MMET,410
MMET,412
MMET,414
MMET,418
MMET,422
MMET,429
MMET,463
MODL,221
MODL,222
MODL,285
MODL,289
MODL,485
MODL,489
MSEN,201
MSEN,205
MSEN,210
MSEN,222
MSEN,250
MSEN,260
MSEN,281
MSEN,285
MSEN,289
MSEN,291
MSEN,301
MSEN,302
MSEN,305
MSEN,320
MSEN,325
MSEN,330
MSEN,360
MSEN,380
MSEN,399
MSEN,400
MSEN,401
MSEN,402
MSEN,410
MSEN,415
MSEN,418
MSEN,420
MSEN,426
MSEN,430
MSEN,440
MSEN,444
MSEN,446
MSEN,458
MSEN,470
MSEN,472
MSEN,484
MSEN,485
MSEN,489
MSEN,491
MTDE,285
MTDE,291
MTDE,333
MTDE,380
MTDE,381
MTDE,409
MTDE,430
MTDE,432
MTDE,440
MTDE,441
MTDE,442
MTDE,443
MTDE,446
MTDE,450
MTDE,451
MTDE,480
MTDE,485
MTDE,489
MTDE,491
MUSC,200
MUSC,280
MUSC,282
MUSC,283
MUSC,290
MUSC,400
MUST,221
MXET,300
MXET,375
MXET,400
MXET,635
MXET,681
MXET,684
MXET,685
MXET,689
MXET,691
MXET,692
NAUT,200
NAUT,300
NAUT,400
NRSC,101
NRSC,201
NRSC,235
NRSC,277
NRSC,289
NRSC,311
NRSC,320
NRSC,332
NRSC,333
NRSC,336
NRSC,340
NRSC,350
NRSC,360
NRSC,401
NRSC,407
NRSC,434
NRSC,440
NRSC,444
NRSC,450
NRSC,485
NRSC,489
NRSC,491
NUEN,101
NUEN,102
NUEN,201
NUEN,265
NUEN,289
NUEN,301
NUEN,302
NUEN,303
NUEN,304
NUEN,309
NUEN,315
NUEN,329
NUEN,330
NUEN,405
NUEN,406
NUEN,410
NUEN,417
NUEN,418
NUEN,428
NUEN,430
NUEN,431
NUEN,432
NUEN,436
NUEN,451
NUEN,460
NUEN,465
NUEN,475
NUEN,479
NUEN,481
NUEN,485
NUEN,489
NUEN,491
NURS,301
NURS,305
NURS,306
NURS,307
NURS,312
NURS,313
NURS,314
NURS,315
NURS,316
NURS,320
NURS,323
NURS,385
NURS,386
NURS,405
NURS,411
NURS,412
NURS,413
NURS,420
NURS,421
NURS,424
NURS,430
NURS,431
NURS,432
NURS,434
NURS,456
NURS,457
NURS,460
NURS,461
NURS,462
NURS,463
NURS,464
NURS,465
NURS,466
NURS,467
NURS,468
NURS,481
NURS,489
NURS,491
NUTR,202
NUTR,203
NUTR,204
NUTR,210
NUTR,211
NUTR,222
NUTR,285
NUTR,289
NUTR,291
NUTR,300
NUTR,301
NUTR,303
NUTR,304
NUTR,320
NUTR,365
NUTR,404
NUTR,407
NUTR,410
NUTR,412
NUTR,430
NUTR,440
NUTR,450
NUTR,469
NUTR,471
NUTR,475
NUTR,481
NUTR,485
NUTR,489
NUTR,491
NVSC,101
NVSC,200
NVSC,205
NVSC,210
NVSC,301
NVSC,303
NVSC,320
NVSC,401
NVSC,402
NVSC,404
NVSC,410
NVSC,485
OCEN,201
OCEN,213
OCEN,214
OCEN,221
OCEN,265
OCEN,285
OCEN,300
OCEN,311
OCEN,336
OCEN,341
OCEN,344
OCEN,345
OCEN,351
OCEN,352
OCEN,361
OCEN,362
OCEN,363
OCEN,399
OCEN,400
OCEN,401
OCEN,402
OCEN,403
OCEN,405
OCEN,406
OCEN,407
OCEN,408
OCEN,410
OCEN,411
OCEN,415
OCEN,421
OCEN,451
OCEN,459
OCEN,460
OCEN,461
OCEN,463
OCEN,465
OCEN,467
OCEN,474
OCEN,481
OCEN,485
OCEN,489
OCEN,491
OCNG,203
OCNG,251
OCNG,252
OCNG,281
OCNG,291
OCNG,303
OCNG,310
OCNG,320
OCNG,330
OCNG,340
OCNG,350
OCNG,404
OCNG,411
OCNG,425
OCNG,443
OCNG,451
OCNG,453
OCNG,456
OCNG,461
OCNG,469
OCNG,481
OCNG,485
OCNG,489
OCNG,491
PERF,101
PERF,102
PERF,110
PERF,156
PERF,200
PERF,201
PERF,204
PERF,205
PERF,211
PERF,221
PERF,222
PERF,223
PERF,225
PERF,226
PERF,228
PERF,235
PERF,245
PERF,281
PERF,284
PERF,285
PERF,289
PERF,291
PERF,292
PERF,301
PERF,303
PERF,308
PERF,310
PERF,311
PERF,312
PERF,316
PERF,317
PERF,318
PERF,321
PERF,322
PERF,324
PERF,325
PERF,326
PERF,327
PERF,328
PERF,333
PERF,338
PERF,345
PERF,381
PERF,386
PERF,402
PERF,407
PERF,424
PERF,446
PERF,450
PERF,451
PERF,452
PERF,453
PERF,454
PERF,455
PERF,456
PERF,457
PERF,460
PERF,461
PERF,481
PERF,482
PERF,483
PERF,484
PERF,485
PERF,489
PERF,491
PERF,492
PETE,201
PETE,219
PETE,225
PETE,285
PETE,289
PETE,291
PETE,300
PETE,301
PETE,310
PETE,311
PETE,314
PETE,315
PETE,321
PETE,323
PETE,324
PETE,325
PETE,335
PETE,336
PETE,337
PETE,353
PETE,355
PETE,401
PETE,402
PETE,404
PETE,406
PETE,408
PETE,409
PETE,410
PETE,412
PETE,413
PETE,416
PETE,418
PETE,419
PETE,435
PETE,436
PETE,437
PETE,453
PETE,485
PETE,489
PETE,491
PHIL,107
PHIL,111
PHIL,205
PHIL,208
PHIL,240
PHIL,251
PHIL,252
PHIL,255
PHIL,282
PHIL,283
PHIL,285
PHIL,289
PHIL,291
PHIL,305
PHIL,307
PHIL,314
PHIL,315
PHIL,320
PHIL,330
PHIL,331
PHIL,332
PHIL,334
PHIL,336
PHIL,341
PHIL,342
PHIL,351
PHIL,352
PHIL,353
PHIL,361
PHIL,371
PHIL,375
PHIL,376
PHIL,381
PHIL,409
PHIL,410
PHIL,411
PHIL,412
PHIL,413
PHIL,414
PHIL,415
PHIL,416
PHIL,417
PHIL,418
PHIL,419
PHIL,424
PHIL,425
PHIL,464
PHIL,465
PHIL,470
PHIL,480
PHIL,482
PHIL,484
PHIL,485
PHIL,489
PHIL,491
PHIL,497
PHLT,270
PHLT,289
PHLT,301
PHLT,302
PHLT,303
PHLT,304
PHLT,305
PHLT,306
PHLT,307
PHLT,308
PHLT,309
PHLT,310
PHLT,311
PHLT,313
PHLT,314
PHLT,315
PHLT,323
PHLT,330
PHLT,331
PHLT,332
PHLT,333
PHLT,334
PHLT,335
PHLT,370
PHLT,410
PHLT,411
PHLT,412
PHLT,413
PHLT,414
PHLT,415
PHLT,416
PHLT,432
PHLT,433
PHLT,434
PHLT,436
PHLT,441
PHLT,445
PHLT,470
PHLT,484
PHLT,485
PHLT,489
PHLT,491
PHYS,101
PHYS,102
PHYS,109
PHYS,119
PHYS,123
PHYS,125
PHYS,148
PHYS,150
PHYS,201
PHYS,202
PHYS,205
PHYS,206
PHYS,207
PHYS,216
PHYS,217
PHYS,221
PHYS,222
PHYS,225
PHYS,226
PHYS,227
PHYS,285
PHYS,289
PHYS,291
PHYS,302
PHYS,303
PHYS,304
PHYS,305
PHYS,309
PHYS,327
PHYS,328
PHYS,331
PHYS,332
PHYS,401
PHYS,408
PHYS,412
PHYS,414
PHYS,416
PHYS,418
PHYS,425
PHYS,426
PHYS,485
PHYS,489
PHYS,491
PLPA,291
PLPA,301
PLPA,303
PLPA,334
PLPA,485
PLPA,489
PLPA,491
POLS,200
POLS,203
POLS,206
POLS,207
POLS,209
POLS,229
POLS,231
POLS,232
POLS,233
POLS,285
POLS,289
POLS,291
POLS,302
POLS,304
POLS,306
POLS,308
POLS,309
POLS,312
POLS,313
POLS,314
POLS,315
POLS,316
POLS,317
POLS,318
POLS,319
POLS,320
POLS,322
POLS,323
POLS,324
POLS,325
POLS,326
POLS,327
POLS,328
POLS,333
POLS,335
POLS,338
POLS,340
POLS,342
POLS,347
POLS,349
POLS,350
POLS,352
POLS,353
POLS,355
POLS,357
POLS,358
POLS,359
POLS,362
POLS,364
POLS,365
POLS,366
POLS,367
POLS,368
POLS,369
POLS,375
POLS,412
POLS,413
POLS,415
POLS,420
POLS,423
POLS,424
POLS,429
POLS,432
POLS,435
POLS,439
POLS,440
POLS,447
POLS,454
POLS,455
POLS,461
POLS,462
POLS,475
POLS,481
POLS,484
POLS,485
POLS,489
POLS,491
POLS,497
PORT,101
PORT,102
PORT,201
PORT,202
POSC,201
POSC,285
POSC,289
POSC,291
POSC,302
POSC,304
POSC,308
POSC,309
POSC,313
POSC,319
POSC,326
POSC,333
POSC,381
POSC,405
POSC,406
POSC,411
POSC,412
POSC,414
POSC,427
POSC,429
POSC,444
POSC,454
POSC,481
POSC,484
POSC,485
POSC,489
POSC,491
PSYC,101
PSYC,105
PSYC,107
PSYC,206
PSYC,208
PSYC,209
PSYC,210
PSYC,225
PSYC,235
PSYC,245
PSYC,251
PSYC,285
PSYC,289
PSYC,291
PSYC,300
PSYC,301
PSYC,302
PSYC,303
PSYC,304
PSYC,305
PSYC,306
PSYC,307
PSYC,311
PSYC,315
PSYC,316
PSYC,319
PSYC,320
PSYC,323
PSYC,330
PSYC,332
PSYC,333
PSYC,336
PSYC,340
PSYC,345
PSYC,346
PSYC,350
PSYC,352
PSYC,353
PSYC,354
PSYC,360
PSYC,365
PSYC,371
PSYC,389
PSYC,407
PSYC,411
PSYC,414
PSYC,425
PSYC,432
PSYC,440
PSYC,450
PSYC,470
PSYC,471
PSYC,475
PSYC,483
PSYC,484
PSYC,485
PSYC,489
PSYC,491
RDNG,291
RDNG,351
RDNG,371
RDNG,372
RDNG,373
RDNG,460
RDNG,465
RDNG,467
RDNG,468
RDNG,470
RDNG,472
RDNG,473
RDNG,490
RDNG,491
RELS,200
RELS,202
RELS,209
RELS,212
RELS,220
RELS,221
RELS,222
RELS,251
RELS,257
RELS,285
RELS,289
RELS,291
RELS,304
RELS,312
RELS,317
RELS,321
RELS,326
RELS,331
RELS,340
RELS,347
RELS,356
RELS,360
RELS,365
RELS,366
RELS,392
RELS,403
RELS,418
RELS,419
RELS,420
RELS,425
RELS,436
RELS,464
RELS,471
RELS,474
RELS,480
RELS,481
RELS,484
RELS,485
RELS,489
RELS,491
RENR,205
RENR,215
RENR,345
RENR,375
RENR,400
RENR,405
RENR,410
RENR,460
RENR,470
RENR,489
RLEM,321
RPTS,201
RPTS,209
RPTS,291
RPTS,300
RPTS,301
RPTS,302
RPTS,304
RPTS,307
RPTS,308
RPTS,311
RPTS,316
RPTS,320
RPTS,321
RPTS,323
RPTS,324
RPTS,331
RPTS,336
RPTS,340
RPTS,370
RPTS,371
RPTS,380
RPTS,381
RPTS,382
RPTS,401
RPTS,402
RPTS,403
RPTS,404
RPTS,408
RPTS,411
RPTS,421
RPTS,426
RPTS,444
RPTS,460
RPTS,472
RPTS,476
RPTS,478
RPTS,481
RPTS,484
RPTS,485
RPTS,489
RPTS,491
RUSS,101
RUSS,102
RUSS,201
RUSS,202
RUSS,211
RUSS,221
RUSS,222
RUSS,285
RUSS,289
RUSS,301
RUSS,302
RUSS,322
RUSS,410
RUSS,441
RUSS,442
RUSS,443
RUSS,444
RUSS,446
RUSS,447
RUSS,485
RUSS,489
RUSS,491
RWFM,202
RWFM,305
RWFM,321
RWFM,345
RWFM,349
RWFM,350
RWFM,354
RWFM,370
RWFM,401
RWFM,421
RWFM,422
RWFM,423
RWFM,424
RWFM,425
RWFM,444
RWFM,445
RWFM,446
RWFM,461
SCEN,100
SCEN,101
SCEN,102
SCEN,201
SCEN,289
SCEN,292
SCEN,301
SCEN,302
SCEN,392
SCEN,489
SCEN,492
SCMT,300
SCMT,305
SCMT,309
SCMT,334
SCMT,335
SCMT,336
SCMT,340
SCMT,345
SCMT,361
SCMT,364
SCMT,375
SCMT,380
SCMT,390
SCMT,455
SCMT,465
SCMT,468
SCMT,484
SCMT,485
SCMT,489
SCSC,105
SCSC,201
SCSC,205
SCSC,289
SCSC,291
SCSC,301
SCSC,302
SCSC,304
SCSC,305
SCSC,307
SCSC,309
SCSC,310
SCSC,311
SCSC,312
SCSC,315
SCSC,330
SCSC,401
SCSC,402
SCSC,405
SCSC,406
SCSC,410
SCSC,411
SCSC,420
SCSC,421
SCSC,422
SCSC,427
SCSC,428
SCSC,429
SCSC,430
SCSC,432
SCSC,441
SCSC,444
SCSC,446
SCSC,453
SCSC,455
SCSC,458
SCSC,481
SCSC,484
SCSC,485
SCSC,489
SCSC,491
SEFB,420
SEFB,425
SEFB,430
SEFB,499
SENG,309
SENG,310
SENG,312
SENG,321
SENG,422
SENG,430
SENG,455
SENG,460
SENG,477
SENG,485
SENG,489
SOCI,203
SOCI,205
SOCI,206
SOCI,207
SOCI,208
SOCI,210
SOCI,211
SOCI,212
SOCI,213
SOCI,217
SOCI,220
SOCI,229
SOCI,230
SOCI,240
SOCI,285
SOCI,289
SOCI,291
SOCI,304
SOCI,308
SOCI,310
SOCI,311
SOCI,312
SOCI,313
SOCI,314
SOCI,315
SOCI,316
SOCI,317
SOCI,319
SOCI,320
SOCI,322
SOCI,323
SOCI,326
SOCI,328
SOCI,329
SOCI,330
SOCI,332
SOCI,335
SOCI,337
SOCI,338
SOCI,376
SOCI,377
SOCI,402
SOCI,403
SOCI,404
SOCI,408
SOCI,410
SOCI,411
SOCI,412
SOCI,413
SOCI,415
SOCI,419
SOCI,420
SOCI,421
SOCI,422
SOCI,423
SOCI,424
SOCI,425
SOCI,426
SOCI,430
SOCI,432
SOCI,445
SOCI,450
SOCI,463
SOCI,476
SOCI,478
SOCI,479
SOCI,484
SOCI,485
SOCI,489
SOCI,491
SOMS,111
SOMS,180
SOMS,181
SOMS,280
SOMS,281
SOMS,289
SOMS,380
SOMS,381
SOMS,481
SOMS,482
SOMS,485
SOMS,486
SOMS,487
SOMS,489
SPAN,101
SPAN,102
SPAN,112
SPAN,201
SPAN,202
SPAN,203
SPAN,208
SPAN,218
SPAN,221
SPAN,222
SPAN,285
SPAN,289
SPAN,301
SPAN,302
SPAN,303
SPAN,304
SPAN,306
SPAN,307
SPAN,311
SPAN,312
SPAN,318
SPAN,320
SPAN,331
SPAN,332
SPAN,341
SPAN,342
SPAN,350
SPAN,352
SPAN,403
SPAN,407
SPAN,409
SPAN,410
SPAN,411
SPAN,412
SPAN,413
SPAN,414
SPAN,417
SPAN,421
SPAN,423
SPAN,445
SPAN,450
SPAN,452
SPAN,460
SPAN,461
SPAN,462
SPAN,483
SPAN,484
SPAN,485
SPAN,489
SPAN,491
SPED,291
SPED,302
SPED,310
SPED,311
SPED,312
SPED,314
SPED,414
SPED,442
SPED,471
SPED,491
SPMT,217
SPMT,220
SPMT,225
SPMT,230
SPMT,260
SPMT,262
SPMT,265
SPMT,270
SPMT,272
SPMT,285
SPMT,289
SPMT,291
SPMT,295
SPMT,304
SPMT,316
SPMT,319
SPMT,321
SPMT,330
SPMT,333
SPMT,334
SPMT,336
SPMT,337
SPMT,340
SPMT,360
SPMT,362
SPMT,364
SPMT,366
SPMT,370
SPMT,372
SPMT,374
SPMT,402
SPMT,412
SPMT,420
SPMT,421
SPMT,422
SPMT,423
SPMT,450
SPMT,460
SPMT,462
SPMT,470
SPMT,472
SPMT,481
SPMT,482
SPMT,483
SPMT,484
SPMT,485
SPMT,489
SPMT,491
STAT,182
STAT,201
STAT,211
STAT,212
STAT,301
STAT,302
STAT,303
STAT,307
STAT,312
STAT,315
STAT,335
STAT,404
STAT,406
STAT,407
STAT,408
STAT,414
STAT,415
STAT,421
STAT,424
STAT,426
STAT,436
STAT,438
STAT,445
STAT,446
STAT,459
STAT,482
STAT,483
STAT,484
STAT,485
STAT,489
STAT,491
TCMG,272
TCMG,274
TCMG,285
TCMG,289
TCMG,291
TCMG,303
TCMG,308
TCMG,316
TCMG,402
TCMG,412
TCMG,476
TCMG,484
TCMG,485
TCMG,489
TCMG,491
TEED,302
TEED,425
TEFB,273
TEFB,322
TEFB,324
TEFB,371
TEFB,401
TEFB,404
TEFB,406
TEFB,407
TEFB,410
TEFB,412
TEFB,413
TEFB,426
TEFB,429
TEFB,499
UGST,1
UGST,181
UGST,182
UGST,211
UGST,285
UGST,311
UGST,405
UGST,484
UGST,485
UGST,491
UGST,492
UGST,497
URPN,201
URPN,202
URPN,203
URPN,210
URPN,220
URPN,240
URPN,291
URPN,302
URPN,310
URPN,320
URPN,325
URPN,326
URPN,330
URPN,331
URPN,340
URPN,360
URPN,361
URPN,369
URPN,370
URPN,371
URPN,401
URPN,409
URPN,420
URPN,440
URPN,450
URPN,451
URPN,460
URPN,467
URPN,469
URPN,470
URPN,471
URPN,481
URPN,483
URPN,484
URPN,485
URPN,489
URPN,491
URPN,493
URPN,494
VIBS,101
VIBS,102
VIBS,111
VIBS,201
VIBS,204
VIBS,210
VIBS,211
VIBS,222
VIBS,243
VIBS,277
VIBS,285
VIBS,289
VIBS,305
VIBS,310
VIBS,311
VIBS,343
VIBS,401
VIBS,404
VIBS,407
VIBS,408
VIBS,411
VIBS,413
VIBS,420
VIBS,422
VIBS,424
VIBS,426
VIBS,443
VIBS,445
VIBS,447
VIBS,450
VIBS,456
VIBS,485
VIBS,489
VIST,105
VIST,106
VIST,131
VIST,170
VIST,201
VIST,205
VIST,206
VIST,235
VIST,270
VIST,271
VIST,275
VIST,282
VIST,283
VIST,284
VIST,289
VIST,305
VIST,310
VIST,339
VIST,354
VIST,357
VIST,370
VIST,372
VIST,374
VIST,375
VIST,405
VIST,406
VIST,409
VIST,432
VIST,439
VIST,441
VIST,442
VIST,465
VIST,470
VIST,472
VIST,474
VIST,476
VIST,477
VIST,484
VIST,485
VIST,486
VIST,487
VIST,489
VIST,491
VIST,494
VLCS,422
VLCS,485
VSCS,485
VTPB,212
VTPB,221
VTPB,285
VTPB,289
VTPB,301
VTPB,303
VTPB,334
VTPB,405
VTPB,407
VTPB,408
VTPB,409
VTPB,410
VTPB,411
VTPB,415
VTPB,421
VTPB,438
VTPB,460
VTPB,485
VTPB,487
VTPB,489
VTPP,123
VTPP,223
VTPP,224
VTPP,234
VTPP,235
VTPP,281
VTPP,285
VTPP,289
VTPP,291
VTPP,323
VTPP,401
VTPP,420
VTPP,423
VTPP,424
VTPP,425
VTPP,427
VTPP,429
VTPP,434
VTPP,435
VTPP,438
VTPP,444
VTPP,452
VTPP,481
VTPP,485
VTPP,489
VTPP,491
WFSC,101
WFSC,291
WFSC,300
WFSC,301
WFSC,302
WFSC,303
WFSC,304
WFSC,311
WFSC,314
WFSC,315
WFSC,316
WFSC,327
WFSC,335
WFSC,401
WFSC,402
WFSC,403
WFSC,404
WFSC,405
WFSC,406
WFSC,407
WFSC,408
WFSC,409
WFSC,410
WFSC,413
WFSC,414
WFSC,415
WFSC,417
WFSC,418
WFSC,419
WFSC,420
WFSC,422
WFSC,425
WFSC,427
WFSC,428
WFSC,433
WFSC,444
WFSC,447
WFSC,448
WFSC,449
WFSC,450
WFSC,451
WFSC,454
WFSC,457
WFSC,462
WFSC,481
WFSC,484
WFSC,485
WFSC,489
WFSC,491
WGST,200
WGST,207
WGST,210
WGST,213
WGST,285
WGST,289
WGST,291
WGST,300
WGST,303
WGST,307
WGST,310
WGST,315
WGST,316
WGST,317
WGST,318
WGST,320
WGST,330
WGST,332
WGST,333
WGST,342
WGST,343
WGST,367
WGST,374
WGST,394
WGST,401
WGST,403
WGST,404
WGST,407
WGST,409
WGST,410
WGST,411
WGST,420
WGST,421
WGST,422
WGST,424
WGST,428
WGST,430
WGST,445
WGST,452
WGST,455
WGST,461
WGST,462
WGST,463
WGST,473
WGST,474
WGST,476
WGST,477
WGST,481
WGST,484
WGST,485
WGST,489
WGST,491
ZOOL,289
ZOOL,291
ZOOL,489
ZOOL,491
ZOOL,111
RAND,101